{"0": {"0": 0}, "1": {"4": 0, "2": 0.16, "1": 0.32, "0": -0.15999999999999998, "3": -0.31999999999999995}, "2": {"3": 0, "4": -0.15999999999999998, "2": -0.31999999999999995, "1": 0.16, "0": 0.32}, "3": {"1": 0, "5": -0.15999999999999998, "2": 0.48, "3": -0.48, "0": 0.16, "4": 0.32}, "4": {"0": 0, "5": 0.16, "3": -0.31999999999999995, "2": 0.32, "1": 0.48, "4": -0.48}, "5": {"2": 0, "0": 0.16, "1": -0.15999999999999998}}