{"0": {"0": 0}, "6": {"0": 0, "1": -0.15999999999999998}, "9": {"0": 0, "1": 0.24}, "7": {"0": 0, "2": 0.24, "3": -0.15999999999999998, "4": 0.48, "1": -0.31999999999999995}}