{"0": {"0": 0}, "6": {"0": 0, "1": 0.24}, "9": {"0": 0, "1": -0.15999999999999998}, "7": {"0": 0, "2": -0.31999999999999995, "3": 0.24, "4": -0.15999999999999998, "1": 0.48}}