{"0": {"0": 0}, "1": {"4": 0, "2": 0.16, "3": -0.15999999999999998}, "2": {"3": 0, "4": -0.15999999999999998, "1": 0.16}, "3": {"1": 0, "5": 0.16, "2": -0.15999999999999998, "4": -0.31999999999999995}, "4": {"0": 0, "5": 0.16, "3": -0.15999999999999998, "2": 0.32, "1": -0.48, "4": 0.48}, "5": {"2": 0}}