{"0": {"0": 0}, "18": {"0": 0, "1": -0.15999999999999998, "2": 0.16}, "17": {"1": 0, "0": 0.16, "2": -0.15999999999999998}, "13": {"6": 0, "0": 0.16, "3": 0.48, "9": -0.48, "2": -0.31999999999999995, "5": 0.32}, "16": {"0": 0, "2": 0.16}, "14": {"4": 0}, "15": {"0": 0, "2": -0.15999999999999998}}